cityName,cityLink
Thành phố Hồ Chí Minh,https://www.agoda.com/vi-vn/region/ho-chi-minh-province-vn.html
Thành phố Hà Nội,https://www.agoda.com/vi-vn/region/ha-noi-province-vn.html
Tỉnh Bà Rịa-Vũng Tàu,https://www.agoda.com/vi-vn/region/ba-ria-vung-tau-province-vn.html
Tỉnh Lâm Ðồng,https://www.agoda.com/vi-vn/region/lam-dong-province-vn.html
Thành phố Ðà Nẵng,https://www.agoda.com/vi-vn/region/da-nang-province-vn.html
Tỉnh Khánh Hòa,https://www.agoda.com/vi-vn/region/khanh-hoa-province-vn.html
Tỉnh Quảng Ninh,https://www.agoda.com/vi-vn/region/quang-ninh-province-vn.html
Tỉnh Kiên Giang,https://www.agoda.com/vi-vn/region/kien-giang-province-vn.html
Tỉnh Quảng Nam,https://www.agoda.com/vi-vn/region/quang-nam-province-vn.html
Tỉnh Bình Thuận,https://www.agoda.com/vi-vn/region/binh-thuan-province-vn.html
Tỉnh Bình Ðịnh,https://www.agoda.com/vi-vn/region/binh-dinh-province-vn.html
Thành phố Hải Phòng,https://www.agoda.com/vi-vn/region/hai-phong-province-vn.html
Tỉnh Lào Cai,https://www.agoda.com/vi-vn/region/lao-cai-province-vn.html
Tỉnh Thừa Thiên Huế,https://www.agoda.com/vi-vn/region/thua-thien-hue-province-vn.html
Tỉnh Ninh Bình,https://www.agoda.com/vi-vn/region/ninh-binh-province-vn.html
Tỉnh Cần Thơ,https://www.agoda.com/vi-vn/region/can-tho-province-vn.html
Tỉnh Thanh Hóa,https://www.agoda.com/vi-vn/region/thanh-hoa-province-vn.html
Tỉnh Hà Giang,https://www.agoda.com/vi-vn/region/ha-giang-province-vn.html
Tỉnh Phú Yên,https://www.agoda.com/vi-vn/region/phu-yen-province-vn.html
Tỉnh Vĩnh Phúc,https://www.agoda.com/vi-vn/region/vinh-phuc-province-vn.html
Tỉnh Hà Tĩnh,https://www.agoda.com/vi-vn/region/ha-tinh-province-vn.html
Tỉnh Quảng Bình,https://www.agoda.com/vi-vn/region/quang-binh-province-vn.html
Tỉnh Hòa Bình,https://www.agoda.com/vi-vn/region/hoa-binh-province-vn.html
Tỉnh Ninh Thuận,https://www.agoda.com/vi-vn/region/ninh-thuan-province-vn.html
Tỉnh Đắk Lắk,https://www.agoda.com/vi-vn/region/dak-lak-province-vn.html
Tỉnh Bình Dương,https://www.agoda.com/vi-vn/region/binh-duong-province-vn.html
Tỉnh Sơn La,https://www.agoda.com/vi-vn/region/son-la-province-vn.html
Tỉnh Nghệ An,https://www.agoda.com/vi-vn/region/nghe-an-province-vn.html
Tỉnh Ðồng Nai,https://www.agoda.com/vi-vn/region/dong-nai-province-vn.html
Tỉnh Kon Tum,https://www.agoda.com/vi-vn/region/kon-tum-province-vn.html
Tỉnh An Giang,https://www.agoda.com/vi-vn/region/an-giang-province-vn.html
Tỉnh Bắc Ninh,https://www.agoda.com/vi-vn/region/bac-ninh-province-vn.html
Tỉnh Cao Bằng,https://www.agoda.com/vi-vn/region/cao-bang-province-vn.html
Tỉnh Bến Tre,https://www.agoda.com/vi-vn/region/ben-tre-province-vn.html
Tỉnh Gia Lai,https://www.agoda.com/vi-vn/region/gia-lai-province-vn.html
Tỉnh Quảng Ngãi,https://www.agoda.com/vi-vn/region/quang-ngai-province-vn.html
Tỉnh Yên Bái,https://www.agoda.com/vi-vn/region/yen-bai-province-vn.html
Tỉnh Tây Ninh,https://www.agoda.com/vi-vn/region/tay-ninh-province-vn.html
Tỉnh Thái Nguyên,https://www.agoda.com/vi-vn/region/thai-nguyen-province-vn.html
Tỉnh Vĩnh Long,https://www.agoda.com/vi-vn/region/vinh-long-province-vn.html
Tỉnh Phú Thọ,https://www.agoda.com/vi-vn/region/phu-tho-province-vn.html
Tỉnh Tiền Giang,https://www.agoda.com/vi-vn/region/tien-giang-province-vn.html
Tỉnh Ðồng Tháp,https://www.agoda.com/vi-vn/region/dong-thap-province-vn.html
Tỉnh Tuyên Quang,https://www.agoda.com/vi-vn/region/tuyen-quang-province-vn.html
Tỉnh Lạng Sơn,https://www.agoda.com/vi-vn/region/lang-son-province-vn.html
Tỉnh Cà Mau,https://www.agoda.com/vi-vn/region/ca-mau-province-vn.html
Tỉnh Đắk Nông,https://www.agoda.com/vi-vn/region/dak-nong-province-vn.html
Tỉnh Bắc Kạn,https://www.agoda.com/vi-vn/region/bac-can-province-vn.html
Tỉnh Hải Dương,https://www.agoda.com/vi-vn/region/hai-duong-province-vn.html
Tỉnh Bạc Liêu,https://www.agoda.com/vi-vn/region/bac-lieu-province-vn.html
Tỉnh Điện Biên,https://www.agoda.com/vi-vn/region/dien-bien-province-vn.html
Tỉnh Quảng Trị,https://www.agoda.com/vi-vn/region/quang-tri-province-vn.html
Tỉnh Hậu Giang,https://www.agoda.com/vi-vn/region/hau-giang-province-vn.html
Tỉnh Bắc Giang,https://www.agoda.com/vi-vn/region/bac-giang-province-vn.html
Tỉnh Thái Bình,https://www.agoda.com/vi-vn/region/thai-binh-province-vn.html
Tỉnh Hưng Yên,https://www.agoda.com/vi-vn/region/hung-yen-province-vn.html
Tỉnh Long An,https://www.agoda.com/vi-vn/region/long-an-province-vn.html
Tỉnh Sóc Trăng,https://www.agoda.com/vi-vn/region/soc-trang-province-vn.html
Tỉnh Bình Phước,https://www.agoda.com/vi-vn/region/binh-phuoc-province-vn.html
Tỉnh Hà Nam,https://www.agoda.com/vi-vn/region/ha-nam-province-vn.html
Tỉnh Nam Ðịnh,https://www.agoda.com/vi-vn/region/nam-dinh-province-vn.html
Tỉnh Trà Vinh,https://www.agoda.com/vi-vn/region/tra-vinh-province-vn.html
Tỉnh Lai Châu,https://www.agoda.com/vi-vn/region/lai-chau-province-vn.html
