sectionName,cityName,sectionLink,edited_sectionLink
Hồ Chí Minh,Thành phố Hồ Chí Minh,https://www.agoda.com/vi-vn/city/ho-chi-minh-city-vn.html,https://www.agoda.com/vi-vn/search?city=13170&ds=zCfzIyG24QtHMqGA
Cần Giờ,Thành phố Hồ Chí Minh,https://www.agoda.com/vi-vn/city/can-gio-vn.html,https://www.agoda.com/vi-vn/search?city=88775
Hà Nội,Thành phố Hà Nội,https://www.agoda.com/vi-vn/city/hanoi-vn.html,https://www.agoda.com/vi-vn/search?city=2758
Gia Lâm,Thành phố Hà Nội,https://www.agoda.com/vi-vn/city/gia-lam-vn.html,https://www.agoda.com/vi-vn/search?city=115695&ds=YwdiCn5iCuO7A%2FrP
Xuân Bảng,Thành phố Hà Nội,https://www.agoda.com/vi-vn/city/xuan-bang-vn.html,https://www.agoda.com/vi-vn/search?city=234333
Hoài Dưc Phủ,Thành phố Hà Nội,https://www.agoda.com/vi-vn/city/hoai-duc-phu-vn.html,https://www.agoda.com/vi-vn/search?city=222717&ds=F3jHIwUYJ%2B8ixyU8
Hạ Họi,Thành phố Hà Nội,https://www.agoda.com/vi-vn/city/ha-hoi-vn.html,https://www.agoda.com/vi-vn/search?city=222377&ds=s6eNTJnl4fcUYxKq
Ðục Khê,Thành phố Hà Nội,https://www.agoda.com/vi-vn/city/duc-khe-vn.html,https://www.agoda.com/vi-vn/search?city=221946&ds=qzG0LrdYhmrDU%2FYc
Phùng Thôn,Thành phố Hà Nội,https://www.agoda.com/vi-vn/city/phung-thon-vn.html,https://www.agoda.com/vi-vn/search?city=228720
Vũng Tàu,Tỉnh Bà Rịa-Vũng Tàu,https://www.agoda.com/vi-vn/city/vung-tau-vn.html,https://www.agoda.com/vi-vn/search?city=17190
Côn Đảo,Tỉnh Bà Rịa-Vũng Tàu,https://www.agoda.com/vi-vn/city/con-o-islands-vn.html,https://www.agoda.com/vi-vn/search?city=105652
Bà Rịa,Tỉnh Bà Rịa-Vũng Tàu,https://www.agoda.com/vi-vn/city/ba-ria-vn.html,https://www.agoda.com/vi-vn/search?city=216927&ds=uD%2FbvMqkhHUghEQ0
Đà Lạt,Tỉnh Lâm Ðồng,https://www.agoda.com/vi-vn/city/dalat-vn.html,https://www.agoda.com/vi-vn/search?city=15932&ds=DGW2x%2FkKeuEVX7KB
Bảo Lộc,Tỉnh Lâm Ðồng,https://www.agoda.com/vi-vn/city/bao-loc-vn.html,https://www.agoda.com/vi-vn/search?city=218905
Khu Chi Lăng,Tỉnh Lâm Ðồng,https://www.agoda.com/vi-vn/city/khu-chi-lang-vn.html,https://www.agoda.com/vi-vn/search?city=223982&ds=nz%2BZn%2FzWgP3aI8zy
Trai Mat,Tỉnh Lâm Ðồng,https://www.agoda.com/vi-vn/city/trai-mat-vn.html,https://www.agoda.com/vi-vn/search?city=232259
Ấp Ða Thiên,Tỉnh Lâm Ðồng,https://www.agoda.com/vi-vn/city/ap-da-thien-vn.html,https://www.agoda.com/vi-vn/search?city=215718&ds=U%2Fk9%2FGjetyKVtV9W
Ấp Ða Lợi,Tỉnh Lâm Ðồng,https://www.agoda.com/vi-vn/city/ap-da-loi-vn.html,https://www.agoda.com/vi-vn/search?city=215714&ds=qcF9XtQ9qbRzeei0
Tang Klang,Tỉnh Lâm Ðồng,https://www.agoda.com/vi-vn/city/tang-klang-vn.html,https://www.agoda.com/vi-vn/search?city=230557
Manline,Tỉnh Lâm Ðồng,https://www.agoda.com/vi-vn/city/manline-vn.html,https://www.agoda.com/vi-vn/search?city=226346
Ðưc Trọng,Tỉnh Lâm Ðồng,https://www.agoda.com/vi-vn/city/duc-trong-vn.html,https://www.agoda.com/vi-vn/search?city=221974&ds=J3m8dQE4NLxSNK40
Di Linh,Tỉnh Lâm Ðồng,https://www.agoda.com/vi-vn/city/di-linh-vn.html,https://www.agoda.com/vi-vn/search?city=221359
Riong Serignac,Tỉnh Lâm Ðồng,https://www.agoda.com/vi-vn/city/riong-serignac-vn.html,https://www.agoda.com/vi-vn/search?city=229784&ds=KV%2B8ctlQoKaO%2BhCh
Đa Nhim,Tỉnh Lâm Ðồng,https://www.agoda.com/vi-vn/city/a-nhim-vn.html,https://www.agoda.com/vi-vn/search?city=737487
Krela Goul,Tỉnh Lâm Ðồng,https://www.agoda.com/vi-vn/city/krela-goul-vn.html,https://www.agoda.com/vi-vn/search?city=224558&ds=xKPgk2xJeKWKrxzf
Da Ðeum,Tỉnh Lâm Ðồng,https://www.agoda.com/vi-vn/city/da-deum-vn.html,https://www.agoda.com/vi-vn/search?city=220864&ds=TDXfX%2Fb%2FwAPiEShd
Lạc Dương,Tỉnh Lâm Ðồng,https://www.agoda.com/vi-vn/city/lac-duong-vn.html,https://www.agoda.com/vi-vn/search?city=224677&ds=gHGTnScChAcyhV2n
Đà Nẵng,Thành phố Ðà Nẵng,https://www.agoda.com/vi-vn/city/da-nang-vn.html,https://www.agoda.com/vi-vn/search?city=16440
Nha Trang,Tỉnh Khánh Hòa,https://www.agoda.com/vi-vn/city/nha-trang-vn.html,https://www.agoda.com/vi-vn/search?city=2679&ds=IFNxNN%2FCBXKkwMc6
Thôn Cát Lợi,Tỉnh Khánh Hòa,https://www.agoda.com/vi-vn/city/thon-cat-loi-vn.html,https://www.agoda.com/vi-vn/search?city=231195
Ninh Hòa (Khánh Hòa),Tỉnh Khánh Hòa,https://www.agoda.com/vi-vn/city/ninh-hoa-khanh-hoa-vn.html,https://www.agoda.com/vi-vn/search?city=728008&ds=KYlBZzm8RCZZAp3G
Khánh Hòa,Tỉnh Khánh Hòa,https://www.agoda.com/vi-vn/city/khanh-hoa-vn.html,https://www.agoda.com/vi-vn/search?city=115652&ds=HCHrSDLx4n99qKV%2B
Ðại Lãnh,Tỉnh Khánh Hòa,https://www.agoda.com/vi-vn/city/dai-lanh-vn.html,https://www.agoda.com/vi-vn/search?city=220971&ds=sxswZCg0pE3u9GrO
Hạ Long,Tỉnh Quảng Ninh,https://www.agoda.com/vi-vn/city/h-long-vn.html,https://www.agoda.com/vi-vn/search?city=17182
Chuc Tchia,Tỉnh Quảng Ninh,https://www.agoda.com/vi-vn/city/chuc-tchia-vn.html,https://www.agoda.com/vi-vn/search?city=220463
Cẩm Phả,Tỉnh Quảng Ninh,https://www.agoda.com/vi-vn/city/cam-pha-vn.html,https://www.agoda.com/vi-vn/search?city=219949&ds=gTF532YL6cJuILI6
Uông Bí,Tỉnh Quảng Ninh,https://www.agoda.com/vi-vn/city/uong-bi-vn.html,https://www.agoda.com/vi-vn/search?city=232725&ds=QWQxQM5lfvEAkMyM
Vân Ðôn,Tỉnh Quảng Ninh,https://www.agoda.com/vi-vn/city/van-don-vn.html,https://www.agoda.com/vi-vn/search?city=232764&ds=aLV%2FubfRhAhi%2BDF8
Huyện Vân Ðồn,Tỉnh Quảng Ninh,https://www.agoda.com/vi-vn/city/huyen-van-don-vn.html,https://www.agoda.com/vi-vn/search?city=223444&ds=P5rfKdGQpMhpOZZY
Móng Cái,Tỉnh Quảng Ninh,https://www.agoda.com/vi-vn/city/mong-cai-vn.html,https://www.agoda.com/vi-vn/search?city=226477&ds=XvHxtvdgDUpn26VW
Ðông Triều,Tỉnh Quảng Ninh,https://www.agoda.com/vi-vn/city/dong-trieu-vn.html,https://www.agoda.com/vi-vn/search?city=221872
Da Binh,Tỉnh Quảng Ninh,https://www.agoda.com/vi-vn/city/da-binh-vn.html,https://www.agoda.com/vi-vn/search?city=220855
Đảo Phú Quốc,Tỉnh Kiên Giang,https://www.agoda.com/vi-vn/city/phu-quoc-island-vn.html,https://www.agoda.com/vi-vn/search?city=17188
Rạch Giá (Kiên Giang),Tỉnh Kiên Giang,https://www.agoda.com/vi-vn/city/rach-gia-kien-giang-vn.html,https://www.agoda.com/vi-vn/search?city=106012
Hà Tiên (Kiên Giang),Tỉnh Kiên Giang,https://www.agoda.com/vi-vn/city/ha-tien-kien-giang-vn.html,https://www.agoda.com/vi-vn/search?city=21673
Lại Sơn,Tỉnh Kiên Giang,https://www.agoda.com/vi-vn/city/lai-son-vn.html,https://www.agoda.com/vi-vn/search?city=224719&ds=ovYy8VA9lmD%2FYWH%2F
An Sơn (Kiên Giang),Tỉnh Kiên Giang,https://www.agoda.com/vi-vn/city/an-son-kien-giang-vn.html,https://www.agoda.com/vi-vn/search?city=728009
Kiên Lương,Tỉnh Kiên Giang,https://www.agoda.com/vi-vn/city/kien-luong-kien-giang-vn.html,https://www.agoda.com/vi-vn/search?city=224114&ds=lWChoYRSHHJVhCzG
Xóm Ba Trại,Tỉnh Kiên Giang,https://www.agoda.com/vi-vn/city/xom-ba-trai-vn.html,https://www.agoda.com/vi-vn/search?city=233320
Lục Sốc,Tỉnh Kiên Giang,https://www.agoda.com/vi-vn/city/luc-soc-vn.html,https://www.agoda.com/vi-vn/search?city=225998
Hội An,Tỉnh Quảng Nam,https://www.agoda.com/vi-vn/city/hoi-an-vn.html,https://www.agoda.com/vi-vn/search?city=16552
Tam Kỳ (Quảng Nam),Tỉnh Quảng Nam,https://www.agoda.com/vi-vn/city/tam-ky-quang-nam-vn.html,https://www.agoda.com/vi-vn/search?city=115742&ds=Bh%2FQkteEAbkE%2BWsb
Tân Hiệp,Tỉnh Quảng Nam,https://www.agoda.com/vi-vn/city/tan-hiep-vn.html,https://www.agoda.com/vi-vn/search?city=215135&ds=KMXAeNaFr2%2BcpVeG
Núi Thành,Tỉnh Quảng Nam,https://www.agoda.com/vi-vn/city/nui-thanh-vn.html,https://www.agoda.com/vi-vn/search?city=728012&ds=E%2Fygxb%2BvwyfZISSl
Dồng Giang,Tỉnh Quảng Nam,https://www.agoda.com/vi-vn/city/dong-giang-vn.html,https://www.agoda.com/vi-vn/search?city=221674&ds=llTtQm318t7lX6Pu
Ðông Lũy Tây,Tỉnh Quảng Nam,https://www.agoda.com/vi-vn/city/dong-luy-tay-vn.html,https://www.agoda.com/vi-vn/search?city=221745
Phan Thiết,Tỉnh Bình Thuận,https://www.agoda.com/vi-vn/city/phan-thiet-vn.html,https://www.agoda.com/vi-vn/search?city=16264&ds=d2CHiUxgxg7AGeE%2F
Huyện Phú Quý,Tỉnh Bình Thuận,https://www.agoda.com/vi-vn/city/huyen-phu-quy-vn.html,https://www.agoda.com/vi-vn/search?city=223307
Ấp Thiện Phước,Tỉnh Bình Thuận,https://www.agoda.com/vi-vn/city/ap-thien-phuoc-vn.html,https://www.agoda.com/vi-vn/search?city=216625&ds=h8T5ISWzxdRMMoNT
Tuy Phong,Tỉnh Bình Thuận,https://www.agoda.com/vi-vn/city/tuy-phong-vn.html,https://www.agoda.com/vi-vn/search?city=232702&ds=vG5G6YaS%2BY747G49
Ấp Chợ Dinh,Tỉnh Bình Thuận,https://www.agoda.com/vi-vn/city/ap-cho-dinh-vn.html,https://www.agoda.com/vi-vn/search?city=215683
Da Breline,Tỉnh Bình Thuận,https://www.agoda.com/vi-vn/city/da-breline-vn.html,https://www.agoda.com/vi-vn/search?city=220856&ds=GrNNNnPVtWRLvSxq
Liên Hương,Tỉnh Bình Thuận,https://www.agoda.com/vi-vn/city/lien-huong-vn.html,https://www.agoda.com/vi-vn/search?city=214952&ds=AL2R6ayXl84xz%2Bly
Quy Nhơn (Bình Định),Tỉnh Bình Ðịnh,https://www.agoda.com/vi-vn/city/quy-nhon-binh-dinh-vn.html,https://www.agoda.com/vi-vn/search?city=17242
Huyện Hoài Nhơn,Tỉnh Bình Ðịnh,https://www.agoda.com/vi-vn/city/huyen-hoai-nhon-vn.html,https://www.agoda.com/vi-vn/search?city=223174
Phương Phi,Tỉnh Bình Ðịnh,https://www.agoda.com/vi-vn/city/phuong-phi-vn.html,https://www.agoda.com/vi-vn/search?city=228819
Ðá Hàn,Tỉnh Bình Ðịnh,https://www.agoda.com/vi-vn/city/da-han-vn.html,https://www.agoda.com/vi-vn/search?city=220870
Xóm Bãi Ðiêp,Tỉnh Bình Ðịnh,https://www.agoda.com/vi-vn/city/xom-bai-diep-vn.html,https://www.agoda.com/vi-vn/search?city=233332&ds=sfh4ytUSTXBgok%2F9
Hải Phòng,Thành phố Hải Phòng,https://www.agoda.com/vi-vn/city/haiphong-vn.html,https://www.agoda.com/vi-vn/search?city=17161&ds=oo%2BK%2F%2Fc%2Fk1Vkw1uf
Quần Đảo Cát Bà,Thành phố Hải Phòng,https://www.agoda.com/vi-vn/city/cat-ba-island-vn.html,https://www.agoda.com/vi-vn/search?city=17243&ds=vb89RmBvTPKZTmhH
Sapa,Tỉnh Lào Cai,https://www.agoda.com/vi-vn/city/sapa-vn.html,https://www.agoda.com/vi-vn/search?city=17160
Lào Cai,Tỉnh Lào Cai,https://www.agoda.com/vi-vn/city/lao-cai-city-vn.html,https://www.agoda.com/vi-vn/search?city=106068&ds=yITBvqswWVXt2fJs
Bắc Hà ( Lào Cai ),Tỉnh Lào Cai,https://www.agoda.com/vi-vn/city/bac-ha-lao-cai-vn.html,https://www.agoda.com/vi-vn/search?city=18865&ds=NAXylJq4R7CRervg
Làng Song Ca,Tỉnh Lào Cai,https://www.agoda.com/vi-vn/city/lang-song-ca-vn.html,https://www.agoda.com/vi-vn/search?city=225405
Phan Kơng Su,Tỉnh Lào Cai,https://www.agoda.com/vi-vn/city/phan-kong-su-vn.html,https://www.agoda.com/vi-vn/search?city=228197&ds=znEpc8Ma9LgLu9u2
Huế,Tỉnh Thừa Thiên Huế,https://www.agoda.com/vi-vn/city/hue-vn.html,https://www.agoda.com/vi-vn/search?city=3738&ds=Fy2t9UW9Ud01q1DL
A Lưới,Tỉnh Thừa Thiên Huế,https://www.agoda.com/vi-vn/city/a-luoi-vn.html,https://www.agoda.com/vi-vn/search?city=215197&ds=LbS%2FAyHTk2idN2oy
Ninh Bình,Tỉnh Ninh Bình,https://www.agoda.com/vi-vn/city/ninh-binh-vn.html,https://www.agoda.com/vi-vn/search?city=17245&ds=njsSKWKWkvJzt0Jl
Cần Thơ,Tỉnh Cần Thơ,https://www.agoda.com/vi-vn/city/c-n-tho-vn.html,https://www.agoda.com/vi-vn/search?city=16079&ds=Cdv81%2FI4I8Xgxquf
Ô Môn,Tỉnh Cần Thơ,https://www.agoda.com/vi-vn/city/o-mon-vn.html,https://www.agoda.com/vi-vn/search?city=227928
Thanh Hoá / Bãi biển Sầm Sơn,Tỉnh Thanh Hóa,https://www.agoda.com/vi-vn/city/thanh-hoa-s-m-son-beach-vn.html,https://www.agoda.com/vi-vn/search?city=105661&ds=zsgH5SkWhQ2GjY0B
Bá Thước,Tỉnh Thanh Hóa,https://www.agoda.com/vi-vn/city/ba-thuoc-vn.html,https://www.agoda.com/vi-vn/search?city=728013&ds=EwO55NJVuXVbbdRI
Tanh Gia (Thanh Hoa),Tỉnh Thanh Hóa,https://www.agoda.com/vi-vn/city/tanh-gia-thanh-hoa-vn.html,https://www.agoda.com/vi-vn/search?city=720977
Thanh Hóa,Tỉnh Thanh Hóa,https://www.agoda.com/vi-vn/city/thanh-hoa-vn.html,https://www.agoda.com/vi-vn/search?city=115756
Làng Chiêu,Tỉnh Thanh Hóa,https://www.agoda.com/vi-vn/city/lang-chieu-vn.html,https://www.agoda.com/vi-vn/search?city=224877&ds=k3JWGEm0iCtWEktg
Sầm Sơn,Tỉnh Thanh Hóa,https://www.agoda.com/vi-vn/city/sam-son-vn.html,https://www.agoda.com/vi-vn/search?city=229861&ds=oFCA%2Bg11kp7kiYpc
Thanh Hóa,Tỉnh Thanh Hóa,https://www.agoda.com/vi-vn/city/thanh-pho-thanh-hoa-vn.html,https://www.agoda.com/vi-vn/search?city=230898
Nga Sơn,Tỉnh Thanh Hóa,https://www.agoda.com/vi-vn/city/nga-son-vn.html,https://www.agoda.com/vi-vn/search?city=227375&ds=QBeGtv8uKaclGVXL
Hà Giang,Tỉnh Hà Giang,https://www.agoda.com/vi-vn/city/ha-giang-vn.html,https://www.agoda.com/vi-vn/search?city=204060&ds=mL223kU1d%2FD9OVMV
Đồng Văn,Tỉnh Hà Giang,https://www.agoda.com/vi-vn/city/dong-van-vn.html,https://www.agoda.com/vi-vn/search?city=221883&ds=X0l7GAyWOxT7LHOq
Yên Minh,Tỉnh Hà Giang,https://www.agoda.com/vi-vn/city/yen-minh-vn.html,https://www.agoda.com/vi-vn/search?city=234568&ds=xvZQFWkIbUpdb7D4
Quản Bạ,Tỉnh Hà Giang,https://www.agoda.com/vi-vn/city/quan-ba-vn.html,https://www.agoda.com/vi-vn/search?city=229505
Mèo Vạc,Tỉnh Hà Giang,https://www.agoda.com/vi-vn/city/meo-vac-vn.html,https://www.agoda.com/vi-vn/search?city=226401&ds=Hs7d%2B%2FxsdjdZCLQz
Nam Pi,Tỉnh Hà Giang,https://www.agoda.com/vi-vn/city/nam-pi-vn.html,https://www.agoda.com/vi-vn/search?city=227246&ds=Z1qsW9rLfHgtA7Mz
Làng Khiêm,Tỉnh Hà Giang,https://www.agoda.com/vi-vn/city/lang-khiem-vn.html,https://www.agoda.com/vi-vn/search?city=225104
Hoàng Su Phì,Tỉnh Hà Giang,https://www.agoda.com/vi-vn/city/hoang-su-phi-vn.html,https://www.agoda.com/vi-vn/search?city=222761
Luong Oai,Tỉnh Hà Giang,https://www.agoda.com/vi-vn/city/luong-oai-vn.html,https://www.agoda.com/vi-vn/search?city=226146
Koc Pai,Tỉnh Hà Giang,https://www.agoda.com/vi-vn/city/koc-pai-vn.html,https://www.agoda.com/vi-vn/search?city=224255&ds=mcrNOw4oo84cvGDV
Bản Kam,Tỉnh Hà Giang,https://www.agoda.com/vi-vn/city/ban-kam-vn.html,https://www.agoda.com/vi-vn/search?city=217608
Tuy Hòa (Phú Yên),Tỉnh Phú Yên,https://www.agoda.com/vi-vn/city/tuy-hoa-phu-yen-vn.html,https://www.agoda.com/vi-vn/search?city=78908
Phúc Yên,Tỉnh Vĩnh Phúc,https://www.agoda.com/vi-vn/city/phuc-yen-vn.html,https://www.agoda.com/vi-vn/search?city=115740&ds=fAxyT%2FVwU2mRI05h
Tam Đảo (Vĩnh Phúc),Tỉnh Vĩnh Phúc,https://www.agoda.com/vi-vn/city/tam-dao-vinh-phuc-vn.html,https://www.agoda.com/vi-vn/search?city=230398&ds=cQ97yqY6klGOlSaq
Vĩnh Yên (Vĩnh Phúc),Tỉnh Vĩnh Phúc,https://www.agoda.com/vi-vn/city/vinh-yen-vinh-phuc-vn.html,https://www.agoda.com/vi-vn/search?city=115735
Việt Trì (Phú Thọ),Tỉnh Vĩnh Phúc,https://www.agoda.com/vi-vn/city/viet-tri-phu-tho-vn.html,https://www.agoda.com/vi-vn/search?city=204066
Vĩnh Phúc,Tỉnh Vĩnh Phúc,https://www.agoda.com/vi-vn/city/vinh-phuc-vn.html,https://www.agoda.com/vi-vn/search?city=232995
Van Giang,Tỉnh Hà Tĩnh,https://www.agoda.com/vi-vn/city/van-giang-vn.html,https://www.agoda.com/vi-vn/search?city=232772&ds=r41cxPKkaS0zxNao
Hà Tĩnh,Tỉnh Hà Tĩnh,https://www.agoda.com/vi-vn/city/ha-tinh-vn.html,https://www.agoda.com/vi-vn/search?city=230985&ds=PiKxexJqY99Eob2%2B
Ðà Ðông,Tỉnh Hà Tĩnh,https://www.agoda.com/vi-vn/city/da-dong-vn.html,https://www.agoda.com/vi-vn/search?city=220866
Hoằng Lễ,Tỉnh Hà Tĩnh,https://www.agoda.com/vi-vn/city/hoang-le-vn.html,https://www.agoda.com/vi-vn/search?city=222744
Đồng Hới (Quảng Bình),Tỉnh Quảng Bình,https://www.agoda.com/vi-vn/city/ng-h-i-qu-ng-binh-vn.html,https://www.agoda.com/vi-vn/search?city=18866
Phong Nha,Tỉnh Quảng Bình,https://www.agoda.com/vi-vn/city/phong-nha-vn.html,https://www.agoda.com/vi-vn/search?city=228387
Quán Hàu,Tỉnh Quảng Bình,https://www.agoda.com/vi-vn/city/quan-hau-vn.html,https://www.agoda.com/vi-vn/search?city=719776
Huyện Lương Sơn,Tỉnh Hòa Bình,https://www.agoda.com/vi-vn/city/huyen-luong-son-vn.html,https://www.agoda.com/vi-vn/search?city=223237
Mai Châu (Hòa Bình),Tỉnh Hòa Bình,https://www.agoda.com/vi-vn/city/mai-chau-hoa-binh-vn.html,https://www.agoda.com/vi-vn/search?city=226263
Hòa Bình,Tỉnh Hòa Bình,https://www.agoda.com/vi-vn/city/hoa-binh-vn.html,https://www.agoda.com/vi-vn/search?city=18044&ds=KAtJ1x1c%2FLIrDNnN
Dá Thâm,Tỉnh Hòa Bình,https://www.agoda.com/vi-vn/city/da-tham-vn.html,https://www.agoda.com/vi-vn/search?city=220906
Bản Bang,Tỉnh Hòa Bình,https://www.agoda.com/vi-vn/city/ban-bang-vn.html,https://www.agoda.com/vi-vn/search?city=217097&ds=AgSZsTayDsA9hWNv
Bãi Man,Tỉnh Hòa Bình,https://www.agoda.com/vi-vn/city/bai-man-vn.html,https://www.agoda.com/vi-vn/search?city=217051
Bản Suối Hôi,Tỉnh Hòa Bình,https://www.agoda.com/vi-vn/city/ban-suoi-hoi-vn.html,https://www.agoda.com/vi-vn/search?city=218499
Suối Rem,Tỉnh Hòa Bình,https://www.agoda.com/vi-vn/city/suoi-rem-vn.html,https://www.agoda.com/vi-vn/search?city=230218
Phan Rang – Tháp Chàm (Ninh Thuận),Tỉnh Ninh Thuận,https://www.agoda.com/vi-vn/city/phan-rang-thap-cham-ninh-thu-n-vn.html,https://www.agoda.com/vi-vn/search?city=21557&ds=j10yFK6ba5Mi15o5
Bãi Biển Cà Ná (Ninh Thuận),Tỉnh Ninh Thuận,https://www.agoda.com/vi-vn/city/ca-na-beach-ninh-thuan-vn.html,https://www.agoda.com/vi-vn/search?city=669620&ds=mcg8wB%2F%2B%2F8SgOAO2
Thôn Trị Thủy,Tỉnh Ninh Thuận,https://www.agoda.com/vi-vn/city/thon-tri-thuy-vn.html,https://www.agoda.com/vi-vn/search?city=231553
Buôn Ma Thuột,Tỉnh Đắk Lắk,https://www.agoda.com/vi-vn/city/buon-ma-thuot-vn.html,https://www.agoda.com/vi-vn/search?city=19603
Buôn Buôr,Tỉnh Đắk Lắk,https://www.agoda.com/vi-vn/city/buon-buor-vn.html,https://www.agoda.com/vi-vn/search?city=219537&ds=V4%2Byd7zYUoqCwG0r
Buôn Mhang,Tỉnh Đắk Lắk,https://www.agoda.com/vi-vn/city/buon-mhang-vn.html,https://www.agoda.com/vi-vn/search?city=219731&ds=RMdOToqj9lkxwMA%2B
Mộc Châu,Tỉnh Sơn La,https://www.agoda.com/vi-vn/city/moc-chau-vn.html,https://www.agoda.com/vi-vn/search?city=226464&ds=I5HUSJeALaHKwnmn
Sơn La,Tỉnh Sơn La,https://www.agoda.com/vi-vn/city/son-la-vn.html,https://www.agoda.com/vi-vn/search?city=204068
Bình Dương,Tỉnh Bình Dương,https://www.agoda.com/vi-vn/city/binh-duong-vn.html,https://www.agoda.com/vi-vn/search?city=115678
Thuận An,Tỉnh Bình Dương,https://www.agoda.com/vi-vn/city/thu-n-an-vn.html,https://www.agoda.com/vi-vn/search?city=718883&ds=V0z%2FNUAhiLRajuEx
Thủ Dầu Một,Tỉnh Bình Dương,https://www.agoda.com/vi-vn/city/thu-dau-mot-vn.html,https://www.agoda.com/vi-vn/search?city=231650
Xóm Bưng Ðìa,Tỉnh Bình Dương,https://www.agoda.com/vi-vn/city/xom-bung-dia-vn.html,https://www.agoda.com/vi-vn/search?city=233407
Biển Cửa Lò,Tỉnh Nghệ An,https://www.agoda.com/vi-vn/city/cua-lo-beach-vn.html,https://www.agoda.com/vi-vn/search?city=21501
Vinh,Tỉnh Nghệ An,https://www.agoda.com/vi-vn/city/vinh-vn.html,https://www.agoda.com/vi-vn/search?city=115666
Diễn Châu,Tỉnh Nghệ An,https://www.agoda.com/vi-vn/city/dien-chau-vn.html,https://www.agoda.com/vi-vn/search?city=221398&ds=LVeETRGRq7pMmCQt
Con Cuông (Nghệ An),Tỉnh Nghệ An,https://www.agoda.com/vi-vn/city/con-cuong-nghe-an-vn.html,https://www.agoda.com/vi-vn/search?city=728010&ds=oJs0QThhF68FkNbE
Hoàng Mai,Tỉnh Nghệ An,https://www.agoda.com/vi-vn/city/hoang-mai-vn.html,https://www.agoda.com/vi-vn/search?city=222751&ds=bKZmD9n3%2FI7eTBBV
Trai Ðỏ,Tỉnh Nghệ An,https://www.agoda.com/vi-vn/city/trai-do-vn.html,https://www.agoda.com/vi-vn/search?city=232228&ds=WHX3SG%2FXChClYfzQ
Thái Hòa (Nghệ An),Tỉnh Nghệ An,https://www.agoda.com/vi-vn/city/thai-hoa-nghe-an-vn.html,https://www.agoda.com/vi-vn/search?city=728011
Thanh Chương,Tỉnh Nghệ An,https://www.agoda.com/vi-vn/city/thanh-chuong-vn.html,https://www.agoda.com/vi-vn/search?city=230827
Bản Na Bâ,Tỉnh Nghệ An,https://www.agoda.com/vi-vn/city/ban-na-ba-vn.html,https://www.agoda.com/vi-vn/search?city=217917&ds=rSsyIEM7LJWt6DC0
Biên Hòa (Đồng Nai),Tỉnh Ðồng Nai,https://www.agoda.com/vi-vn/city/bien-hoa-dong-nai-vn.html,https://www.agoda.com/vi-vn/search?city=105991
Nam Cát Tiên,Tỉnh Ðồng Nai,https://www.agoda.com/vi-vn/city/nam-cat-tien-vn.html,https://www.agoda.com/vi-vn/search?city=702291&ds=g5qZtbzaYRGJF292
Huyện Long Khánh,Tỉnh Ðồng Nai,https://www.agoda.com/vi-vn/city/huyen-long-khanh-vn.html,https://www.agoda.com/vi-vn/search?city=223230&ds=gstvd%2BejBDD5UtNg
Xã Gia Tân,Tỉnh Ðồng Nai,https://www.agoda.com/vi-vn/city/xa-gia-tan-vn.html,https://www.agoda.com/vi-vn/search?city=233155
Nhơn Trạch,Tỉnh Ðồng Nai,https://www.agoda.com/vi-vn/city/nhon-trach-vn.html,https://www.agoda.com/vi-vn/search?city=115712&ds=F8GDTdwMB7PtYMM7
Madagui (Đà Lạt),Tỉnh Ðồng Nai,https://www.agoda.com/vi-vn/city/madagui-dalat-vn.html,https://www.agoda.com/vi-vn/search?city=226261
Long Thành,Tỉnh Ðồng Nai,https://www.agoda.com/vi-vn/city/long-thanh-vn.html,https://www.agoda.com/vi-vn/search?city=669642&ds=Y%2FoDsfu%2F84jouNrQ
Xã Trảng Bôm,Tỉnh Ðồng Nai,https://www.agoda.com/vi-vn/city/xa-trang-bom-vn.html,https://www.agoda.com/vi-vn/search?city=233232
Quan Tom,Tỉnh Ðồng Nai,https://www.agoda.com/vi-vn/city/quan-tom-vn.html,https://www.agoda.com/vi-vn/search?city=229586&ds=nJ3hIwW55tugX%2B2%2B
Ấp Nguyễn Thái Học,Tỉnh Ðồng Nai,https://www.agoda.com/vi-vn/city/ap-nguyen-thai-hoc-vn.html,https://www.agoda.com/vi-vn/search?city=216211
Ấp Suối Cát,Tỉnh Ðồng Nai,https://www.agoda.com/vi-vn/city/ap-suoi-cat-vn.html,https://www.agoda.com/vi-vn/search?city=216465
Kon Von Ke,Tỉnh Kon Tum,https://www.agoda.com/vi-vn/city/kon-von-kle-vn.html,https://www.agoda.com/vi-vn/search?city=224382&ds=Q0WXomg4cEJK5wW1
Kon Tum,Tỉnh Kon Tum,https://www.agoda.com/vi-vn/city/kon-tum-vn.html,https://www.agoda.com/vi-vn/search?city=204063
Kon Rơbang,Tỉnh Kon Tum,https://www.agoda.com/vi-vn/city/kon-robang-vn.html,https://www.agoda.com/vi-vn/search?city=224345
Long Xuyên,Tỉnh An Giang,https://www.agoda.com/vi-vn/city/long-xuyen-an-giang-vn.html,https://www.agoda.com/vi-vn/search?city=115622&ds=Awbezk6tiP9Yz%2Fn0
Châu Đốc,Tỉnh An Giang,https://www.agoda.com/vi-vn/city/chau-doc-an-giang-vn.html,https://www.agoda.com/vi-vn/search?city=17162
Tinh Bien,Tỉnh An Giang,https://www.agoda.com/vi-vn/city/tinh-bien-vn.html,https://www.agoda.com/vi-vn/search?city=231976&ds=of%2BjbFuqeIUXZii4
An Phú (An Giang),Tỉnh An Giang,https://www.agoda.com/vi-vn/city/an-phu-an-giang-vn.html,https://www.agoda.com/vi-vn/search?city=728002
Bắc Ninh,Tỉnh Bắc Ninh,https://www.agoda.com/vi-vn/city/bac-ninh-vn.html,https://www.agoda.com/vi-vn/search?city=115625
Tu Son (Bac Ninh),Tỉnh Bắc Ninh,https://www.agoda.com/vi-vn/city/tu-son-bac-ninh-vn.html,https://www.agoda.com/vi-vn/search?city=720973
Cao Bằng,Tỉnh Cao Bằng,https://www.agoda.com/vi-vn/city/cao-bang-vn.html,https://www.agoda.com/vi-vn/search?city=204057
Ðâm Thùy,Tỉnh Cao Bằng,https://www.agoda.com/vi-vn/city/dam-thuy-vn.html,https://www.agoda.com/vi-vn/search?city=221169
Pac Xin,Tỉnh Cao Bằng,https://www.agoda.com/vi-vn/city/pac-xin-vn.html,https://www.agoda.com/vi-vn/search?city=228115
Chổng Hó,Tỉnh Cao Bằng,https://www.agoda.com/vi-vn/city/chong-ho-vn.html,https://www.agoda.com/vi-vn/search?city=220425
Trường Hà,Tỉnh Cao Bằng,https://www.agoda.com/vi-vn/city/truong-ha-vn.html,https://www.agoda.com/vi-vn/search?city=226805
Lũng Miầu,Tỉnh Cao Bằng,https://www.agoda.com/vi-vn/city/lung-miau-vn.html,https://www.agoda.com/vi-vn/search?city=226062&ds=S7FfUjSpR9yXfPG4
Lạng Sơn,Tỉnh Lạng Sơn,https://www.agoda.com/vi-vn/city/lang-son-vn.html,https://www.agoda.com/vi-vn/search?city=204064
Cà Mau,Tỉnh Cà Mau,https://www.agoda.com/vi-vn/city/ca-mau-vn.html,https://www.agoda.com/vi-vn/search?city=115629&ds=A4vkjmmFgUnllO1v
Năm Căn (Cà Mau),Tỉnh Cà Mau,https://www.agoda.com/vi-vn/city/nam-can-ca-mau-vn.html,https://www.agoda.com/vi-vn/search?city=728006
Gia Nghĩa (Đắk Nông),Tỉnh Đắk Nông,https://www.agoda.com/vi-vn/city/gia-nghia-dak-nong-vn.html,https://www.agoda.com/vi-vn/search?city=204058&ds=MGn0j%2BmD9mkYBLHw
Ba Be,Tỉnh Bắc Kạn,https://www.agoda.com/vi-vn/city/ba-be-vn.html,https://www.agoda.com/vi-vn/search?city=720974
Bắc Kạn,Tỉnh Bắc Kạn,https://www.agoda.com/vi-vn/city/bac-kan-vn.html,https://www.agoda.com/vi-vn/search?city=204054
Hải Dương,Tỉnh Hải Dương,https://www.agoda.com/vi-vn/city/hai-duong-vn.html,https://www.agoda.com/vi-vn/search?city=115635
Ðá Cốc,Tỉnh Hải Dương,https://www.agoda.com/vi-vn/city/da-coc-vn.html,https://www.agoda.com/vi-vn/search?city=220862&ds=eUc1IbT12C2WaT3o
Bạc Liêu,Tỉnh Bạc Liêu,https://www.agoda.com/vi-vn/city/bac-lieu-vn.html,https://www.agoda.com/vi-vn/search?city=204055
Điện Biên Phủ,Tỉnh Điện Biên,https://www.agoda.com/vi-vn/city/dien-bien-phu-vn.html,https://www.agoda.com/vi-vn/search?city=19657
Đông Hà (Quảng Trị),Tỉnh Quảng Trị,https://www.agoda.com/vi-vn/city/dong-ha-quang-tri-vn.html,https://www.agoda.com/vi-vn/search?city=204067
Khe Sanh,Tỉnh Quảng Trị,https://www.agoda.com/vi-vn/city/khe-sanh-vn.html,https://www.agoda.com/vi-vn/search?city=223849
Huyện Gio Linh,Tỉnh Quảng Trị,https://www.agoda.com/vi-vn/city/huyen-gio-linh-vn.html,https://www.agoda.com/vi-vn/search?city=223145
Lao Bảo,Tỉnh Quảng Trị,https://www.agoda.com/vi-vn/city/lao-bao-vn.html,https://www.agoda.com/vi-vn/search?city=225574
Ấp Nhơn Lộc,Tỉnh Hậu Giang,https://www.agoda.com/vi-vn/city/ap-nhon-loc-vn.html,https://www.agoda.com/vi-vn/search?city=216225&ds=ADvDROZGoMAXY4el
Hậu Giang,Tỉnh Hậu Giang,https://www.agoda.com/vi-vn/city/hau-giang-vn.html,https://www.agoda.com/vi-vn/search?city=222541&ds=OLSXOPN5VZQ8wkBd
Châu Thành A,Tỉnh Hậu Giang,https://www.agoda.com/vi-vn/city/chau-thanh-a-vn.html,https://www.agoda.com/vi-vn/search?city=728007&ds=uiKmYl9H8d7X0v1s
Huyện Vị Thanh,Tỉnh Hậu Giang,https://www.agoda.com/vi-vn/city/huyen-vi-thanh-vn.html,https://www.agoda.com/vi-vn/search?city=223449&ds=UhycgxEssZFYSyWL
Bắc Giang,Tỉnh Bắc Giang,https://www.agoda.com/vi-vn/city/bac-giang-vn.html,https://www.agoda.com/vi-vn/search?city=204053&ds=nRZfiXtFXUMRx6X2
Hưng Yên,Tỉnh Hưng Yên,https://www.agoda.com/vi-vn/city/hung-yen-vn.html,https://www.agoda.com/vi-vn/search?city=115651&ds=qRGf3YU3os1Nnaqp
Bẩn Yên Nhân,Tỉnh Hưng Yên,https://www.agoda.com/vi-vn/city/ban-yen-nhan-vn.html,https://www.agoda.com/vi-vn/search?city=218832&ds=OmOQ%2Fc31d6jHODhQ
Thái Bình,Tỉnh Thái Bình,https://www.agoda.com/vi-vn/city/thai-binh-vn.html,https://www.agoda.com/vi-vn/search?city=115753&ds=xqOEm%2FXFCGvPmrAV
Bến Lức,Tỉnh Long An,https://www.agoda.com/vi-vn/city/ben-luc-vn.html,https://www.agoda.com/vi-vn/search?city=115661&ds=SAcga4ZNCPqoIODp
Tân An,Tỉnh Long An,https://www.agoda.com/vi-vn/city/tan-an-vn.html,https://www.agoda.com/vi-vn/search?city=115663
Ấp Kế Mỹ,Tỉnh Long An,https://www.agoda.com/vi-vn/city/ap-ke-my-vn.html,https://www.agoda.com/vi-vn/search?city=115658
Ấp Bình Thi,Tỉnh Long An,https://www.agoda.com/vi-vn/city/ap-binh-thi-vn.html,https://www.agoda.com/vi-vn/search?city=115657&ds=EcfOvQWZ33hJoLKX
Sóc Trăng,Tỉnh Sóc Trăng,https://www.agoda.com/vi-vn/city/soc-trang-vn.html,https://www.agoda.com/vi-vn/search?city=115748&ds=Oq27GRzqBa%2Fd5XJA
Bình Long (Bình Phước),Tỉnh Bình Phước,https://www.agoda.com/vi-vn/city/binh-long-binh-phuoc-vn.html,https://www.agoda.com/vi-vn/search?city=728004
Dồng Xoài,Tỉnh Bình Phước,https://www.agoda.com/vi-vn/city/dong-xoai-vn.html,https://www.agoda.com/vi-vn/search?city=221899
Phước Long (Bình Phước),Tỉnh Bình Phước,https://www.agoda.com/vi-vn/city/phuoc-long-binh-phuoc-vn.html,https://www.agoda.com/vi-vn/search?city=728005
Bù Gia Mập,Tỉnh Bình Phước,https://www.agoda.com/vi-vn/city/bu-gia-map-vn.html,https://www.agoda.com/vi-vn/search?city=214897
Phủ Lý (Hà Nam),Tỉnh Hà Nam,https://www.agoda.com/vi-vn/city/phu-ly-ha-nam-vn.html,https://www.agoda.com/vi-vn/search?city=204061&ds=hw420TxLtWwalnbp
Nam Ðịnh,Tỉnh Nam Ðịnh,https://www.agoda.com/vi-vn/city/nam-dinh-vn.html,https://www.agoda.com/vi-vn/search?city=204065
Trà Vinh,Tỉnh Trà Vinh,https://www.agoda.com/vi-vn/city/tra-vinh-vn.html,https://www.agoda.com/vi-vn/search?city=204070&ds=AOVIRyjoguCCvQpB
Cầu Kè,Tỉnh Trà Vinh,https://www.agoda.com/vi-vn/city/cau-ke-vn.html,https://www.agoda.com/vi-vn/search?city=220109&ds=Z8wpJ70hjdiPKqtC
Nguyệt Hạng,Tỉnh Trà Vinh,https://www.agoda.com/vi-vn/city/nguyet-hang-vn.html,https://www.agoda.com/vi-vn/search?city=227612&ds=AgrjXIVXVVYQrY1k
Lai Châu,Tỉnh Lai Châu,https://www.agoda.com/vi-vn/city/lai-chau-vn.html,https://www.agoda.com/vi-vn/search?city=18867&ds=dy6eMtYR3OK7Yb%2BV
Ye Yen Sun Cay,Tỉnh Lai Châu,https://www.agoda.com/vi-vn/city/ye-yen-sun-cay-vn.html,https://www.agoda.com/vi-vn/search?city=234483&ds=XzkPTSHQfImlHWpG
