sectionName,cityName,sectionLink
Hồ Chí Minh,Thành phố Hồ Chí Minh,https://www.agoda.com/vi-vn/city/ho-chi-minh-city-vn.html
Cần Giờ,Thành phố Hồ Chí Minh,https://www.agoda.com/vi-vn/city/can-gio-vn.html
Hà Nội,Thành phố Hà Nội,https://www.agoda.com/vi-vn/city/hanoi-vn.html
Gia Lâm,Thành phố Hà Nội,https://www.agoda.com/vi-vn/city/gia-lam-vn.html
Xuân Bảng,Thành phố Hà Nội,https://www.agoda.com/vi-vn/city/xuan-bang-vn.html
Hoài Dưc Phủ,Thành phố Hà Nội,https://www.agoda.com/vi-vn/city/hoai-duc-phu-vn.html
Hạ Họi,Thành phố Hà Nội,https://www.agoda.com/vi-vn/city/ha-hoi-vn.html
Ðục Khê,Thành phố Hà Nội,https://www.agoda.com/vi-vn/city/duc-khe-vn.html
Phùng Thôn,Thành phố Hà Nội,https://www.agoda.com/vi-vn/city/phung-thon-vn.html
Vũng Tàu,Tỉnh Bà Rịa-Vũng Tàu,https://www.agoda.com/vi-vn/city/vung-tau-vn.html
Côn Đảo,Tỉnh Bà Rịa-Vũng Tàu,https://www.agoda.com/vi-vn/city/con-o-islands-vn.html
Bà Rịa,Tỉnh Bà Rịa-Vũng Tàu,https://www.agoda.com/vi-vn/city/ba-ria-vn.html
Đà Lạt,Tỉnh Lâm Ðồng,https://www.agoda.com/vi-vn/city/dalat-vn.html
Bảo Lộc,Tỉnh Lâm Ðồng,https://www.agoda.com/vi-vn/city/bao-loc-vn.html
Khu Chi Lăng,Tỉnh Lâm Ðồng,https://www.agoda.com/vi-vn/city/khu-chi-lang-vn.html
Trai Mat,Tỉnh Lâm Ðồng,https://www.agoda.com/vi-vn/city/trai-mat-vn.html
Ấp Ða Thiên,Tỉnh Lâm Ðồng,https://www.agoda.com/vi-vn/city/ap-da-thien-vn.html
Ấp Ða Lợi,Tỉnh Lâm Ðồng,https://www.agoda.com/vi-vn/city/ap-da-loi-vn.html
Tang Klang,Tỉnh Lâm Ðồng,https://www.agoda.com/vi-vn/city/tang-klang-vn.html
Manline,Tỉnh Lâm Ðồng,https://www.agoda.com/vi-vn/city/manline-vn.html
Ðưc Trọng,Tỉnh Lâm Ðồng,https://www.agoda.com/vi-vn/city/duc-trong-vn.html
Di Linh,Tỉnh Lâm Ðồng,https://www.agoda.com/vi-vn/city/di-linh-vn.html
Riong Serignac,Tỉnh Lâm Ðồng,https://www.agoda.com/vi-vn/city/riong-serignac-vn.html
Đa Nhim,Tỉnh Lâm Ðồng,https://www.agoda.com/vi-vn/city/a-nhim-vn.html
Krela Goul,Tỉnh Lâm Ðồng,https://www.agoda.com/vi-vn/city/krela-goul-vn.html
Da Ðeum,Tỉnh Lâm Ðồng,https://www.agoda.com/vi-vn/city/da-deum-vn.html
Lạc Dương,Tỉnh Lâm Ðồng,https://www.agoda.com/vi-vn/city/lac-duong-vn.html
Đà Nẵng,Thành phố Ðà Nẵng,https://www.agoda.com/vi-vn/city/da-nang-vn.html
Nha Trang,Tỉnh Khánh Hòa,https://www.agoda.com/vi-vn/city/nha-trang-vn.html
Thôn Cát Lợi,Tỉnh Khánh Hòa,https://www.agoda.com/vi-vn/city/thon-cat-loi-vn.html
Ninh Hòa (Khánh Hòa),Tỉnh Khánh Hòa,https://www.agoda.com/vi-vn/city/ninh-hoa-khanh-hoa-vn.html
Khánh Hòa,Tỉnh Khánh Hòa,https://www.agoda.com/vi-vn/city/khanh-hoa-vn.html
Ðại Lãnh,Tỉnh Khánh Hòa,https://www.agoda.com/vi-vn/city/dai-lanh-vn.html
Hạ Long,Tỉnh Quảng Ninh,https://www.agoda.com/vi-vn/city/h-long-vn.html
Chuc Tchia,Tỉnh Quảng Ninh,https://www.agoda.com/vi-vn/city/chuc-tchia-vn.html
Cẩm Phả,Tỉnh Quảng Ninh,https://www.agoda.com/vi-vn/city/cam-pha-vn.html
Uông Bí,Tỉnh Quảng Ninh,https://www.agoda.com/vi-vn/city/uong-bi-vn.html
Vân Ðôn,Tỉnh Quảng Ninh,https://www.agoda.com/vi-vn/city/van-don-vn.html
Huyện Vân Ðồn,Tỉnh Quảng Ninh,https://www.agoda.com/vi-vn/city/huyen-van-don-vn.html
Móng Cái,Tỉnh Quảng Ninh,https://www.agoda.com/vi-vn/city/mong-cai-vn.html
Ðông Triều,Tỉnh Quảng Ninh,https://www.agoda.com/vi-vn/city/dong-trieu-vn.html
Da Binh,Tỉnh Quảng Ninh,https://www.agoda.com/vi-vn/city/da-binh-vn.html
Đảo Phú Quốc,Tỉnh Kiên Giang,https://www.agoda.com/vi-vn/city/phu-quoc-island-vn.html
Rạch Giá (Kiên Giang),Tỉnh Kiên Giang,https://www.agoda.com/vi-vn/city/rach-gia-kien-giang-vn.html
Hà Tiên (Kiên Giang),Tỉnh Kiên Giang,https://www.agoda.com/vi-vn/city/ha-tien-kien-giang-vn.html
Lại Sơn,Tỉnh Kiên Giang,https://www.agoda.com/vi-vn/city/lai-son-vn.html
An Sơn (Kiên Giang),Tỉnh Kiên Giang,https://www.agoda.com/vi-vn/city/an-son-kien-giang-vn.html
Kiên Lương,Tỉnh Kiên Giang,https://www.agoda.com/vi-vn/city/kien-luong-kien-giang-vn.html
Xóm Ba Trại,Tỉnh Kiên Giang,https://www.agoda.com/vi-vn/city/xom-ba-trai-vn.html
Lục Sốc,Tỉnh Kiên Giang,https://www.agoda.com/vi-vn/city/luc-soc-vn.html
Hội An,Tỉnh Quảng Nam,https://www.agoda.com/vi-vn/city/hoi-an-vn.html
Tam Kỳ (Quảng Nam),Tỉnh Quảng Nam,https://www.agoda.com/vi-vn/city/tam-ky-quang-nam-vn.html
Tân Hiệp,Tỉnh Quảng Nam,https://www.agoda.com/vi-vn/city/tan-hiep-vn.html
Núi Thành,Tỉnh Quảng Nam,https://www.agoda.com/vi-vn/city/nui-thanh-vn.html
Dồng Giang,Tỉnh Quảng Nam,https://www.agoda.com/vi-vn/city/dong-giang-vn.html
Ðông Lũy Tây,Tỉnh Quảng Nam,https://www.agoda.com/vi-vn/city/dong-luy-tay-vn.html
Phan Thiết,Tỉnh Bình Thuận,https://www.agoda.com/vi-vn/city/phan-thiet-vn.html
Huyện Phú Quý,Tỉnh Bình Thuận,https://www.agoda.com/vi-vn/city/huyen-phu-quy-vn.html
Ấp Thiện Phước,Tỉnh Bình Thuận,https://www.agoda.com/vi-vn/city/ap-thien-phuoc-vn.html
Tuy Phong,Tỉnh Bình Thuận,https://www.agoda.com/vi-vn/city/tuy-phong-vn.html
Ấp Chợ Dinh,Tỉnh Bình Thuận,https://www.agoda.com/vi-vn/city/ap-cho-dinh-vn.html
Da Breline,Tỉnh Bình Thuận,https://www.agoda.com/vi-vn/city/da-breline-vn.html
Liên Hương,Tỉnh Bình Thuận,https://www.agoda.com/vi-vn/city/lien-huong-vn.html
Quy Nhơn (Bình Định),Tỉnh Bình Ðịnh,https://www.agoda.com/vi-vn/city/quy-nhon-binh-dinh-vn.html
Huyện Hoài Nhơn,Tỉnh Bình Ðịnh,https://www.agoda.com/vi-vn/city/huyen-hoai-nhon-vn.html
Phương Phi,Tỉnh Bình Ðịnh,https://www.agoda.com/vi-vn/city/phuong-phi-vn.html
Ðá Hàn,Tỉnh Bình Ðịnh,https://www.agoda.com/vi-vn/city/da-han-vn.html
Xóm Bãi Ðiêp,Tỉnh Bình Ðịnh,https://www.agoda.com/vi-vn/city/xom-bai-diep-vn.html
Hải Phòng,Thành phố Hải Phòng,https://www.agoda.com/vi-vn/city/haiphong-vn.html
Quần Đảo Cát Bà,Thành phố Hải Phòng,https://www.agoda.com/vi-vn/city/cat-ba-island-vn.html
Sapa,Tỉnh Lào Cai,https://www.agoda.com/vi-vn/city/sapa-vn.html
Lào Cai,Tỉnh Lào Cai,https://www.agoda.com/vi-vn/city/lao-cai-city-vn.html
Bắc Hà ( Lào Cai ),Tỉnh Lào Cai,https://www.agoda.com/vi-vn/city/bac-ha-lao-cai-vn.html
Làng Song Ca,Tỉnh Lào Cai,https://www.agoda.com/vi-vn/city/lang-song-ca-vn.html
Phan Kơng Su,Tỉnh Lào Cai,https://www.agoda.com/vi-vn/city/phan-kong-su-vn.html
Huế,Tỉnh Thừa Thiên Huế,https://www.agoda.com/vi-vn/city/hue-vn.html
A Lưới,Tỉnh Thừa Thiên Huế,https://www.agoda.com/vi-vn/city/a-luoi-vn.html
Ninh Bình,Tỉnh Ninh Bình,https://www.agoda.com/vi-vn/city/ninh-binh-vn.html
Cần Thơ,Tỉnh Cần Thơ,https://www.agoda.com/vi-vn/city/c-n-tho-vn.html
Ô Môn,Tỉnh Cần Thơ,https://www.agoda.com/vi-vn/city/o-mon-vn.html
Thanh Hoá / Bãi biển Sầm Sơn,Tỉnh Thanh Hóa,https://www.agoda.com/vi-vn/city/thanh-hoa-s-m-son-beach-vn.html
Bá Thước,Tỉnh Thanh Hóa,https://www.agoda.com/vi-vn/city/ba-thuoc-vn.html
Tanh Gia (Thanh Hoa),Tỉnh Thanh Hóa,https://www.agoda.com/vi-vn/city/tanh-gia-thanh-hoa-vn.html
Thanh Hóa,Tỉnh Thanh Hóa,https://www.agoda.com/vi-vn/city/thanh-hoa-vn.html
Làng Chiêu,Tỉnh Thanh Hóa,https://www.agoda.com/vi-vn/city/lang-chieu-vn.html
Sầm Sơn,Tỉnh Thanh Hóa,https://www.agoda.com/vi-vn/city/sam-son-vn.html
Thanh Hóa,Tỉnh Thanh Hóa,https://www.agoda.com/vi-vn/city/thanh-pho-thanh-hoa-vn.html
Nga Sơn,Tỉnh Thanh Hóa,https://www.agoda.com/vi-vn/city/nga-son-vn.html
Hà Giang,Tỉnh Hà Giang,https://www.agoda.com/vi-vn/city/ha-giang-vn.html
Đồng Văn,Tỉnh Hà Giang,https://www.agoda.com/vi-vn/city/dong-van-vn.html
Yên Minh,Tỉnh Hà Giang,https://www.agoda.com/vi-vn/city/yen-minh-vn.html
Quản Bạ,Tỉnh Hà Giang,https://www.agoda.com/vi-vn/city/quan-ba-vn.html
Mèo Vạc,Tỉnh Hà Giang,https://www.agoda.com/vi-vn/city/meo-vac-vn.html
Nam Pi,Tỉnh Hà Giang,https://www.agoda.com/vi-vn/city/nam-pi-vn.html
Làng Khiêm,Tỉnh Hà Giang,https://www.agoda.com/vi-vn/city/lang-khiem-vn.html
Hoàng Su Phì,Tỉnh Hà Giang,https://www.agoda.com/vi-vn/city/hoang-su-phi-vn.html
Luong Oai,Tỉnh Hà Giang,https://www.agoda.com/vi-vn/city/luong-oai-vn.html
Koc Pai,Tỉnh Hà Giang,https://www.agoda.com/vi-vn/city/koc-pai-vn.html
Bản Kam,Tỉnh Hà Giang,https://www.agoda.com/vi-vn/city/ban-kam-vn.html
Tuy Hòa (Phú Yên),Tỉnh Phú Yên,https://www.agoda.com/vi-vn/city/tuy-hoa-phu-yen-vn.html
Phúc Yên,Tỉnh Vĩnh Phúc,https://www.agoda.com/vi-vn/city/phuc-yen-vn.html
Tam Đảo (Vĩnh Phúc),Tỉnh Vĩnh Phúc,https://www.agoda.com/vi-vn/city/tam-dao-vinh-phuc-vn.html
Vĩnh Yên (Vĩnh Phúc),Tỉnh Vĩnh Phúc,https://www.agoda.com/vi-vn/city/vinh-yen-vinh-phuc-vn.html
Việt Trì (Phú Thọ),Tỉnh Vĩnh Phúc,https://www.agoda.com/vi-vn/city/viet-tri-phu-tho-vn.html
Vĩnh Phúc,Tỉnh Vĩnh Phúc,https://www.agoda.com/vi-vn/city/vinh-phuc-vn.html
Van Giang,Tỉnh Hà Tĩnh,https://www.agoda.com/vi-vn/city/van-giang-vn.html
Hà Tĩnh,Tỉnh Hà Tĩnh,https://www.agoda.com/vi-vn/city/ha-tinh-vn.html
Ðà Ðông,Tỉnh Hà Tĩnh,https://www.agoda.com/vi-vn/city/da-dong-vn.html
Hoằng Lễ,Tỉnh Hà Tĩnh,https://www.agoda.com/vi-vn/city/hoang-le-vn.html
Đồng Hới (Quảng Bình),Tỉnh Quảng Bình,https://www.agoda.com/vi-vn/city/ng-h-i-qu-ng-binh-vn.html
Phong Nha,Tỉnh Quảng Bình,https://www.agoda.com/vi-vn/city/phong-nha-vn.html
Quán Hàu,Tỉnh Quảng Bình,https://www.agoda.com/vi-vn/city/quan-hau-vn.html
Huyện Lương Sơn,Tỉnh Hòa Bình,https://www.agoda.com/vi-vn/city/huyen-luong-son-vn.html
Mai Châu (Hòa Bình),Tỉnh Hòa Bình,https://www.agoda.com/vi-vn/city/mai-chau-hoa-binh-vn.html
Hòa Bình,Tỉnh Hòa Bình,https://www.agoda.com/vi-vn/city/hoa-binh-vn.html
Dá Thâm,Tỉnh Hòa Bình,https://www.agoda.com/vi-vn/city/da-tham-vn.html
Bản Bang,Tỉnh Hòa Bình,https://www.agoda.com/vi-vn/city/ban-bang-vn.html
Bãi Man,Tỉnh Hòa Bình,https://www.agoda.com/vi-vn/city/bai-man-vn.html
Bản Suối Hôi,Tỉnh Hòa Bình,https://www.agoda.com/vi-vn/city/ban-suoi-hoi-vn.html
Suối Rem,Tỉnh Hòa Bình,https://www.agoda.com/vi-vn/city/suoi-rem-vn.html
Phan Rang – Tháp Chàm (Ninh Thuận),Tỉnh Ninh Thuận,https://www.agoda.com/vi-vn/city/phan-rang-thap-cham-ninh-thu-n-vn.html
Bãi Biển Cà Ná (Ninh Thuận),Tỉnh Ninh Thuận,https://www.agoda.com/vi-vn/city/ca-na-beach-ninh-thuan-vn.html
Thôn Trị Thủy,Tỉnh Ninh Thuận,https://www.agoda.com/vi-vn/city/thon-tri-thuy-vn.html
Buôn Ma Thuột,Tỉnh Đắk Lắk,https://www.agoda.com/vi-vn/city/buon-ma-thuot-vn.html
Buôn Buôr,Tỉnh Đắk Lắk,https://www.agoda.com/vi-vn/city/buon-buor-vn.html
Buôn Mhang,Tỉnh Đắk Lắk,https://www.agoda.com/vi-vn/city/buon-mhang-vn.html
Mộc Châu,Tỉnh Sơn La,https://www.agoda.com/vi-vn/city/moc-chau-vn.html
Sơn La,Tỉnh Sơn La,https://www.agoda.com/vi-vn/city/son-la-vn.html
Bình Dương,Tỉnh Bình Dương,https://www.agoda.com/vi-vn/city/binh-duong-vn.html
Thuận An,Tỉnh Bình Dương,https://www.agoda.com/vi-vn/city/thu-n-an-vn.html
Thủ Dầu Một,Tỉnh Bình Dương,https://www.agoda.com/vi-vn/city/thu-dau-mot-vn.html
Xóm Bưng Ðìa,Tỉnh Bình Dương,https://www.agoda.com/vi-vn/city/xom-bung-dia-vn.html
Biển Cửa Lò,Tỉnh Nghệ An,https://www.agoda.com/vi-vn/city/cua-lo-beach-vn.html
Vinh,Tỉnh Nghệ An,https://www.agoda.com/vi-vn/city/vinh-vn.html
Diễn Châu,Tỉnh Nghệ An,https://www.agoda.com/vi-vn/city/dien-chau-vn.html
Con Cuông (Nghệ An),Tỉnh Nghệ An,https://www.agoda.com/vi-vn/city/con-cuong-nghe-an-vn.html
Hoàng Mai,Tỉnh Nghệ An,https://www.agoda.com/vi-vn/city/hoang-mai-vn.html
Trai Ðỏ,Tỉnh Nghệ An,https://www.agoda.com/vi-vn/city/trai-do-vn.html
Thái Hòa (Nghệ An),Tỉnh Nghệ An,https://www.agoda.com/vi-vn/city/thai-hoa-nghe-an-vn.html
Thanh Chương,Tỉnh Nghệ An,https://www.agoda.com/vi-vn/city/thanh-chuong-vn.html
Bản Na Bâ,Tỉnh Nghệ An,https://www.agoda.com/vi-vn/city/ban-na-ba-vn.html
Biên Hòa (Đồng Nai),Tỉnh Ðồng Nai,https://www.agoda.com/vi-vn/city/bien-hoa-dong-nai-vn.html
Nam Cát Tiên,Tỉnh Ðồng Nai,https://www.agoda.com/vi-vn/city/nam-cat-tien-vn.html
Huyện Long Khánh,Tỉnh Ðồng Nai,https://www.agoda.com/vi-vn/city/huyen-long-khanh-vn.html
Xã Gia Tân,Tỉnh Ðồng Nai,https://www.agoda.com/vi-vn/city/xa-gia-tan-vn.html
Nhơn Trạch,Tỉnh Ðồng Nai,https://www.agoda.com/vi-vn/city/nhon-trach-vn.html
Madagui (Đà Lạt),Tỉnh Ðồng Nai,https://www.agoda.com/vi-vn/city/madagui-dalat-vn.html
Long Thành,Tỉnh Ðồng Nai,https://www.agoda.com/vi-vn/city/long-thanh-vn.html
Xã Trảng Bôm,Tỉnh Ðồng Nai,https://www.agoda.com/vi-vn/city/xa-trang-bom-vn.html
Quan Tom,Tỉnh Ðồng Nai,https://www.agoda.com/vi-vn/city/quan-tom-vn.html
Ấp Nguyễn Thái Học,Tỉnh Ðồng Nai,https://www.agoda.com/vi-vn/city/ap-nguyen-thai-hoc-vn.html
Ấp Suối Cát,Tỉnh Ðồng Nai,https://www.agoda.com/vi-vn/city/ap-suoi-cat-vn.html
Kon Von Ke,Tỉnh Kon Tum,https://www.agoda.com/vi-vn/city/kon-von-kle-vn.html
Kon Tum,Tỉnh Kon Tum,https://www.agoda.com/vi-vn/city/kon-tum-vn.html
Kon Rơbang,Tỉnh Kon Tum,https://www.agoda.com/vi-vn/city/kon-robang-vn.html
Long Xuyên,Tỉnh An Giang,https://www.agoda.com/vi-vn/city/long-xuyen-an-giang-vn.html
Châu Đốc,Tỉnh An Giang,https://www.agoda.com/vi-vn/city/chau-doc-an-giang-vn.html
Tinh Bien,Tỉnh An Giang,https://www.agoda.com/vi-vn/city/tinh-bien-vn.html
An Phú (An Giang),Tỉnh An Giang,https://www.agoda.com/vi-vn/city/an-phu-an-giang-vn.html
Bắc Ninh,Tỉnh Bắc Ninh,https://www.agoda.com/vi-vn/city/bac-ninh-vn.html
Tu Son (Bac Ninh),Tỉnh Bắc Ninh,https://www.agoda.com/vi-vn/city/tu-son-bac-ninh-vn.html
Cao Bằng,Tỉnh Cao Bằng,https://www.agoda.com/vi-vn/city/cao-bang-vn.html
Ðâm Thùy,Tỉnh Cao Bằng,https://www.agoda.com/vi-vn/city/dam-thuy-vn.html
Pac Xin,Tỉnh Cao Bằng,https://www.agoda.com/vi-vn/city/pac-xin-vn.html
Chổng Hó,Tỉnh Cao Bằng,https://www.agoda.com/vi-vn/city/chong-ho-vn.html
Trường Hà,Tỉnh Cao Bằng,https://www.agoda.com/vi-vn/city/truong-ha-vn.html
Lũng Miầu,Tỉnh Cao Bằng,https://www.agoda.com/vi-vn/city/lung-miau-vn.html
Lạng Sơn,Tỉnh Lạng Sơn,https://www.agoda.com/vi-vn/city/lang-son-vn.html
Cà Mau,Tỉnh Cà Mau,https://www.agoda.com/vi-vn/city/ca-mau-vn.html
Năm Căn (Cà Mau),Tỉnh Cà Mau,https://www.agoda.com/vi-vn/city/nam-can-ca-mau-vn.html
Gia Nghĩa (Đắk Nông),Tỉnh Đắk Nông,https://www.agoda.com/vi-vn/city/gia-nghia-dak-nong-vn.html
Ba Be,Tỉnh Bắc Kạn,https://www.agoda.com/vi-vn/city/ba-be-vn.html
Bắc Kạn,Tỉnh Bắc Kạn,https://www.agoda.com/vi-vn/city/bac-kan-vn.html
Hải Dương,Tỉnh Hải Dương,https://www.agoda.com/vi-vn/city/hai-duong-vn.html
Ðá Cốc,Tỉnh Hải Dương,https://www.agoda.com/vi-vn/city/da-coc-vn.html
Bạc Liêu,Tỉnh Bạc Liêu,https://www.agoda.com/vi-vn/city/bac-lieu-vn.html
Điện Biên Phủ,Tỉnh Điện Biên,https://www.agoda.com/vi-vn/city/dien-bien-phu-vn.html
Đông Hà (Quảng Trị),Tỉnh Quảng Trị,https://www.agoda.com/vi-vn/city/dong-ha-quang-tri-vn.html
Khe Sanh,Tỉnh Quảng Trị,https://www.agoda.com/vi-vn/city/khe-sanh-vn.html
Huyện Gio Linh,Tỉnh Quảng Trị,https://www.agoda.com/vi-vn/city/huyen-gio-linh-vn.html
Lao Bảo,Tỉnh Quảng Trị,https://www.agoda.com/vi-vn/city/lao-bao-vn.html
Ấp Nhơn Lộc,Tỉnh Hậu Giang,https://www.agoda.com/vi-vn/city/ap-nhon-loc-vn.html
Hậu Giang,Tỉnh Hậu Giang,https://www.agoda.com/vi-vn/city/hau-giang-vn.html
Châu Thành A,Tỉnh Hậu Giang,https://www.agoda.com/vi-vn/city/chau-thanh-a-vn.html
Huyện Vị Thanh,Tỉnh Hậu Giang,https://www.agoda.com/vi-vn/city/huyen-vi-thanh-vn.html
Bắc Giang,Tỉnh Bắc Giang,https://www.agoda.com/vi-vn/city/bac-giang-vn.html
Hưng Yên,Tỉnh Hưng Yên,https://www.agoda.com/vi-vn/city/hung-yen-vn.html
Bẩn Yên Nhân,Tỉnh Hưng Yên,https://www.agoda.com/vi-vn/city/ban-yen-nhan-vn.html
Thái Bình,Tỉnh Thái Bình,https://www.agoda.com/vi-vn/city/thai-binh-vn.html
Bến Lức,Tỉnh Long An,https://www.agoda.com/vi-vn/city/ben-luc-vn.html
Tân An,Tỉnh Long An,https://www.agoda.com/vi-vn/city/tan-an-vn.html
Ấp Kế Mỹ,Tỉnh Long An,https://www.agoda.com/vi-vn/city/ap-ke-my-vn.html
Ấp Bình Thi,Tỉnh Long An,https://www.agoda.com/vi-vn/city/ap-binh-thi-vn.html
Sóc Trăng,Tỉnh Sóc Trăng,https://www.agoda.com/vi-vn/city/soc-trang-vn.html
Bình Long (Bình Phước),Tỉnh Bình Phước,https://www.agoda.com/vi-vn/city/binh-long-binh-phuoc-vn.html
Dồng Xoài,Tỉnh Bình Phước,https://www.agoda.com/vi-vn/city/dong-xoai-vn.html
Phước Long (Bình Phước),Tỉnh Bình Phước,https://www.agoda.com/vi-vn/city/phuoc-long-binh-phuoc-vn.html
Bù Gia Mập,Tỉnh Bình Phước,https://www.agoda.com/vi-vn/city/bu-gia-map-vn.html
Phủ Lý (Hà Nam),Tỉnh Hà Nam,https://www.agoda.com/vi-vn/city/phu-ly-ha-nam-vn.html
Nam Ðịnh,Tỉnh Nam Ðịnh,https://www.agoda.com/vi-vn/city/nam-dinh-vn.html
Trà Vinh,Tỉnh Trà Vinh,https://www.agoda.com/vi-vn/city/tra-vinh-vn.html
Cầu Kè,Tỉnh Trà Vinh,https://www.agoda.com/vi-vn/city/cau-ke-vn.html
Nguyệt Hạng,Tỉnh Trà Vinh,https://www.agoda.com/vi-vn/city/nguyet-hang-vn.html
Lai Châu,Tỉnh Lai Châu,https://www.agoda.com/vi-vn/city/lai-chau-vn.html
Ye Yen Sun Cay,Tỉnh Lai Châu,https://www.agoda.com/vi-vn/city/ye-yen-sun-cay-vn.html
